Ordered;Part Name
3938;subject
4735;decoration
5405;ceiling
7888;teach
573;coal
8674;detector
9623;clothes
9188;vote
9757;chew
5081;award
4353;hate
2282;makeup
5063;flesh
8121;fossil
9710;extend
2979;debate
3952;work
8457;courage
4705;increase
9366;sink
187;basis
986;lemon
5948;crystal
2014;affect
9943;pavement
9323;garbage
4711;virtue
7884;obligation
323;wealth
7574;gas
1739;conspiracy
3684;rack
9182;stride
5026;relief
2587;build
3279;disco
8140;Europe
4825;thread
3329;bend
3808;consolidate
1645;terms
1819;index
3629;compound
7984;glasses
4670;ghostwriter
2972;qualified
919;meaning
8712;lost
9787;charter
4764;spill
8966;snack
4462;deport
25;reveal
8882;horseshoe
5536;dozen
1267;kinship
4053;maximum
307;plot
9286;present
6901;herb
9780;short circuit
4760;society
9816;helmet
2375;mist
8815;refund
2979;reject
9167;discriminate
3396;decisive
4529;wolf
3206;dribble
3989;tiger
5160;pupil
9098;attachment
3147;apple
5619;hypothesis
4420;attention
8674;disappoint
9022;cassette
4724;realize
2411;conversation
3861;sweep
9234;harmony
2394;project
2230;offend
2147;normal
521;hide
2372;photocopy
6851;law
5232;fame
6981;X-ray
1943;casualty
3778;barrel
8068;exaggerate
6649;first-hand
2099;correspondence
1382;weakness
1807;upset
3571;conventional
2700;defendant
5782;default
6400;overwhelm
6981;accurate
343;referee
2043;sphere
8241;pioneer
3767;feminist
1882;rear
9942;patient
2837;history
201;sample
8035;junior
8510;shop
3031;forum
3463;designer
2374;avenue
671;leftovers
9064;right wing
956;financial
7250;innocent
766;fragrant
3173;relax
3784;familiar
4211;appearance
3143;pen
6106;concert
5378;favourite
1655;diamond
8089;have
2380;influence
5688;lip
6288;block
6741;publisher
4164;superintendent
4393;kidnap
4431;handicap
5054;rib
4287;mail carrier
3567;lifestyle
2817;memorial
7399;fight
9591;finish
8841;mark
4973;go
4290;complain
1878;garlic
2861;inflation
1431;trace
1104;tumble
6625;manage
8292;exile
8112;pull
986;sister
3010;net
7356;cream
6836;grand
9731;mosquito
2491;disposition
5752;car
9296;experiment
8275;hook
9523;inhibition
3618;firefighter
4881;productive
6169;cook
8013;plan
9820;executrix
1539;exploit
3816;team
691;football
6620;prosecute
2850;merchant
6714;bacon
3494;bundle
6950;analysis
9689;insist
1083;panic
2988;aquarium
736;slam
5841;convert
7374;confrontation
7964;steep
866;teenager
4465;swing
8854;application
3691;preference
20;cross
2927;breakfast
5960;father
5368;manual
2151;jail
1335;soak
8348;mastermind
4213;resident
1728;survivor
6262;brag
1170;violation
5894;switch
7326;advertise
8403;prospect
7910;ready
1263;screw
6363;indirect
3237;charge
2633;left
3589;slip
5627;ring
3747;principle
2651;bet
9225;reporter
3858;prestige
2313;plain
7892;drama
2538;AIDS
2732;courtship
2425;divide
3645;pump
8853;dark
9434;forestry
8708;yearn
6209;pigeon
9502;leaf
5234;notebook
401;owe
9083;TRUE
5605;audience
6966;form
4261;user
7962;change
2295;resist
3746;advocate
6681;reconcile
5630;exploration
7644;corn
4428;spend
3675;tune
6531;ridge
6488;mass
86;print
8256;case
7552;ladder
7791;matter
9553;lease
9983;answer
8054;predator
2827;crime
2109;bargain
491;nationalist
9563;civilian
1210;community
9054;traffic
6107;grudge
7824;site
9226;perforate
3206;comprehensive
5515;split
3409;chin
9830;attack
5929;association
1058;executive
9449;specimen
741;drag
8776;license
2151;bottom
9908;artist
5179;era
9182;health
6353;fee
6712;trunk
3227;feed
262;convenience
5619;settlement
9828;healthy
5040;breed
5992;category
5919;morning
4992;lover
305;kill
2019;salad
1359;temptation
2616;photograph
6841;prefer
1553;dictate
7879;noble
6343;illusion
4376;democratic
6571;fence
4935;sense
6831;manufacturer
2290;gun
1531;serve
2534;hip
7702;character
5916;warm
9641;bucket
4095;stool
3683;feedback
5102;issue
3277;movement
9241;dignity
2419;release
5813;commission
5526;basket
9472;commemorate
6904;rescue
6595;opera
2939;dog
8129;trust
2729;occasion
7374;regard
7054;decrease
5391;conference
769;week
806;bark
7238;lighter
425;ditch
4340;recession
9102;make
1031;affinity
8730;pound
206;rebellion
6985;predict
625;waist
416;planet
6368;fall
2394;declaration
9954;urge
7028;rabbit
7046;rider
2069;idea
1886;microphone
2538;seal
9744;abundant
4184;slide
9239;mutter
1083;dome
8510;vigorous
8002;cabinet
3479;minimum
9987;matrix
5835;press
9421;rock
9727;tie
9998;virus
1923;nationalism
2618;arch
1693;palm
2286;hesitate
6748;assume
9930;seize
1628;exempt
9554;bait
5333;rehearsal
2057;engagement
4019;cute
861;belief
1390;elegant
3891;climate
1964;budge
8272;risk
9713;pray
7932;light
5459;benefit
7226;scan
8650;few
4356;dilemma
1736;provincial
7512;laborer
3574;headline
4948;abandon
9212;sea
3703;sacrifice
5174;heavy
258;snub
1352;means
6581;inspiration
6196;terrify
7416;premium
9997;fashionable
5598;lot
6819;premature
6252;rush
3939;exhibition
5599;reverse
5036;sale
2278;pier
9321;challenge
5475;computer
1762;neglect
292;personality
410;depend
8198;medium
4842;kit
8004;folk music
1915;stream
9534;imposter
7904;twist
9351;motorist
9985;deck
7919;error
5883;problem
3783;follow
7337;deputy
1816;convention
4404;litigation
8655;detail
4329;talkative
8013;balance
1326;major
8966;spread
2246;seasonal
1108;tape
4209;clerk
2826;like
8616;bin
8732;good
7854;basic
7732;sunshine
5587;mood
5418;quest
5763;swear
8786;bread
2528;cinema
795;foreigner
8942;laser
9175;drawing
7472;dollar
1762;fur
2837;collar
720;fast
3272;ideal
5323;citizen
8618;insight
9036;mosaic
3715;cooperate
5521;recovery
9599;transaction
3455;nuance
3008;green
6566;hallway
6373;admire
7693;complete
8524;suggest
3548;term
9500;pneumonia
7832;talk
7806;excavate
3529;imperial
2619;tidy
6837;account
4028;soft
5586;costume
9677;fan
2747;compromise
9633;brown
1544;minister
9208;crop
3153;tenant
8093;meet
3809;facility
7065;despair
3526;coast
3262;resign
3273;oven
2256;immune
204;acquit
5895;lay
1335;entry
9418;national
6914;poetry
5893;steam
2161;revoke
5794;penalty
4609;knot
4333;bar
1447;valid
3074;authorise
7750;miner
4721;button
9802;knit
2335;useful
89;graze
6059;white
7095;shortage
2906;pilot
3739;request
7665;underline
597;shame
1298;tail
4721;cause
3639;spin
6650;beginning
1301;strip
8518;review
9615;obstacle
2489;refer
6686;lick
8790;recruit
1678;acceptance
462;write
1868;mercy
7266;slot
6377;anxiety
7043;flush
5015;pair
6470;star
4487;other
6060;toss
3011;talented
1369;penetrate
2416;justice
9620;plastic
5941;protest
3875;pasture
717;nursery
3080;snake
15;essential
2139;effective
2509;deer
4546;telephone
3095;soul
1262;circulate
5867;scenario
6464;advertising
5427;punish
8991;commitment
1500;flawed
6257;rob
7483;instal
1086;meal
3923;intelligence
7446;harmful
176;lazy
6526;doctor
6675;pace
7398;afford
76;size
7849;monopoly
4600;locate
6027;import
5019;duty
3031;economics
703;basketball
4779;metal
6932;umbrella
7143;crisis
7042;pot
7190;mixture
9121;grateful
5353;flexible
4240;horoscope
1718;bloodshed
3994;landowner
5117;chase
9215;diameter
5184;fantasy
4835;rest
8682;calculation
736;onion
5783;dragon
4177;beneficiary
5829;suit
6389;credit card
749;reference
7851;constitution
4892;haunt
5062;policeman
7845;cereal
2911;grave
4585;prisoner
2413;army
1126;journal
52;distort
1030;practical
993;integrity
1439;assessment
8610;shareholder
1575;formal
9046;document
6797;customer
1220;manager
7167;joystick
8724;exotic
9381;arena
4360;undertake
7675;hike
1962;confront
6035;quote
9239;uniform
1561;recording
6212;reservoir
1871;momentum
383;dull
5447;food
8090;concentrate
6841;welcome
7874;smell
6587;look
1761;beg
1831;rice
1063;suburb
6812;eject
3458;elite
3473;house
2191;prescription
8741;construct
5167;delivery
8091;voice
5511;adopt
4720;implication
4207;poem
6810;lesson
8920;plaintiff
9979;agony
6249;polite
7283;husband
2100;scholar
1488;tissue
7918;glove
9545;official
9829;marine
5949;wood
3146;shark
4988;testify
5055;fuel
7422;deliver
7103;sheep
4122;photography
4835;arrow
8756;explicit
7931;joy
8875;raw
1903;side
4765;ignorant
1136;trolley
6981;invisible
3502;taxi
6355;oil
3850;formation
4087;party
9704;notorious
847;highway
6651;interrupt
4603;radiation sickness
8798;vacuum
685;tell
7993;chair
5374;rate
3360;fitness
3121;criminal
7778;attitude
1539;central
8707;outer
1415;copper
646;face
1192;swipe
7714;harass
2718;enemy
2951;embrace
7383;heaven
880;gain
3664;retiree
5373;miscarriage
2182;advice
4039;fax
2214;agree
3234;tradition
1393;scrape
1313;appetite
229;include
1439;create
1266;reason
2494;polish
7702;illustrate
4295;certain
839;digital
6747;negative
3849;section
7542;gradient
6208;efflux
5216;black
4734;timber
2059;gregarious
8681;employ
8831;bag
6386;hay
6102;pluck
93;tick
1612;curriculum
9340;update
4092;arrogant
8825;bench
4145;soar
3158;result
7360;attract
1733;album
7799;spokesperson
151;room
6698;give
3836;minor
7836;bitch
3830;privilege
9624;survey
1826;axis
9216;young
1624;mainstream
1712;Bible
3302;rugby
3957;row
6419;family
9676;officer
4497;screen
3946;abnormal
8288;pity
405;restrain
7758;wind
2599;intention
2708;acquaintance
1279;faith
9601;hair
3540;ethics
4976;ignorance
2642;recommend
2093;cell phone
7741;chimpanzee
2936;cord
750;tense
6610;argument
8535;concern
6089;straighten
7615;dump
5236;guard
8548;marsh
2679;amber
1026;man
6404;impress
1046;artificial
8712;tin
6902;enjoy
9973;opposite
5208;diet
7583;second
3552;swop
306;orchestra
7674;even
5392;pat
2589;responsibility
6306;toast
2529;inside
9774;job
1205;far
6512;fly
3532;concrete
9480;suspect
8391;produce
8092;position
4656;visual
4863;grief
7100;breeze
463;question
8026;sticky
7184;step
8675;teacher
6836;painter
4525;log
9607;nut
7116;rain
3416;peak
399;relationship
2290;contradiction
4164;snatch
2102;turn
116;pierce
3269;burn
6574;compensation
8997;meeting
2154;wife
7732;domestic
1902;contract
8758;perfume
3374;candidate
7190;strain
214;road
1808;process
5577;fund
2294;tablet
717;proud
5034;fix
9659;mechanism
3607;fixture
8310;stroll
6031;accident
6981;falsify
6589;tile
9883;barrier
8231;business
1339;breast
5311;knock
6952;break in
8706;node
5639;sniff
8634;handy
7416;mail
4951;settle
7164;move
2580;design
6190;flash
2117;wonder
3584;drink
710;corpse
6919;inspire
7894;clique
8105;cruel
272;Koran
878;desert
4247;wedding
2965;witness
1668;reinforce
9914;theory
3861;edition
3080;justify
8885;pattern
4835;reproduce
8052;camp
6292;deter
2656;available
5595;redeem
2139;channel
8659;panel
7176;funeral
9357;rotate
4036;embryo
625;bury
2893;pour
5255;compliance
3266;ballot
1242;cake
7301;emergency
4644;fashion
7000;dentist
5135;thirsty
1018;flat
429;praise
8687;rank
2130;power
9623;hold
1517;want
15;card
6413;text
9426;strong
405;struggle
9573;extinct
3139;firm
8658;continental
5676;tycoon
3499;clock
8909;bow
4642;decide
2129;expectation
7233;behave
5686;replacement
7740;west
7524;mouth
1192;habit
2872;parade
4407;minority
3770;projection
15;stunning
4313;offspring
3416;judgment
3089;friendly
2074;owner
4240;alive
8541;cast
6343;ego
6039;precision
6327;appear
5331;freighter
3171;kidney
4716;salon
1147;chalk
3841;use
3474;raid
4990;content
4221;latest
2961;share
328;amuse
7546;hemisphere
7150;stun
6077;scrap
5643;curve
8040;stake
8653;parallel
9557;plead
1768;buttocks
8487;serious
8155;musical
9565;zone
3421;credibility
6802;bounce
8020;copyright
7531;whip
7421;extract
3934;cluster
8988;crew
4779;structure
8066;host
1895;holiday
5225;abuse
5842;education
5110;decline
7206;writer
5254;girl
8115;estimate
5335;expose
926;density
5771;economy
7745;rifle
8642;environmental
2471;wound
7171;shift
7059;staff
3506;slave
4089;ballet
4724;abridge
8030;decay
6421;rocket
9525;heel
2662;craftsman
2811;observer
2740;depressed
2570;fog
4599;systematic
2746;repeat
4636;cutting
1566;ancestor
8544;assertive
9219;investigation
6469;native
7484;quarter
7497;series
6996;linear
8262;sock
5078;situation
9336;charismatic
9221;can
352;publish
3524;storage
9882;brake
7654;overall
4266;identity
277;disagreement
8465;tank
103;protect
1318;dive
7927;tread
7129;tribute
6437;frame
8248;announcement
9232;say
1799;quota
8671;concentration
894;legislation
9011;verdict
3487;spite
8894;brain
2099;jelly
5228;coverage
8627;dictionary
1436;intermediate
3265;hut
8600;intervention
9658;liver
7464;articulate
1508;strict
9112;stubborn
3831;betray
1801;spell
6283;thaw
5433;blue
364;recycle
7857;flood
6596;soup
6084;code
2369;oral
1035;suffer
6710;grind
8363;consider
2225;scramble
7035;prosper
4750;suppress
263;understand
3736;colorful
2253;banish
4279;bed
8858;need
6545;absorption
6584;retirement
6206;discuss
5839;separation
1481;hen